AA001aa_run03_tet	GCATG	Rad3A
AA001ab_run03_tet	GCATG	Rad3B
AA002_c_run03_tet	GCATG	Rad3C
AA002_e_run03_tet	GCATG	Rad3D
AA005_c_run03_tet	GCATG	Rad3E
AA005_h_run03_tet	GCATG	Rad3F
AA008_c_run03_tet	GCATG	Rad3G
AA008_d_run03_tet	GCATG	Rad3H
AA010_g_run03_tet	AACCA	Rad3A
AA010_h_run03_tet	AACCA	Rad3B
AA019_d_run03_tet	AACCA	Rad3C
AA019_f_run03_tet	AACCA	Rad3D
AA024_e_run03_tet	AACCA	Rad3E
AA024_h_run03_tet	AACCA	Rad3F
AA045_c_run03_tet	AACCA	Rad3G
AA045_m_run03_tet	AACCA	Rad3H
AA058_o_run03_tet	CGATC	Rad3A
AA058_p_run03_tet	CGATC	Rad3B
AA063_a_run03_dip	CGATC	Rad3C
AA063_d_run03_dip	CGATC	Rad3D
AA065aa_run03_tet	CGATC	Rad3E
AA065ac_run04_tet	GCATG	Rad4A
AA065ae_run03_tet	CGATC	Rad3F
AA065af_run04_tet	GCATG	Rad4B
AA065aj_run04_tet	GCATG	Rad4C
AA065aq_run04_tet	GCATG	Rad4D
AA065ar_run04_tet	GCATG	Rad4E
AA065at_run04_tet	GCATG	Rad4F
AA075ab_run04_tet	GCATG	Rad4G
AA075ag_run04_tet	GCATG	Rad4H
AA075aj_run04_tet	AACCA	Rad4A
AA075ao_run04_tet	AACCA	Rad4B
AA075aq_run04_tet	AACCA	Rad4C
AA075ar_run04_tet	AACCA	Rad4D
AA075as_run04_tet	AACCA	Rad4E
AA075au_run04_tet	AACCA	Rad4F
AA079_a_run03_tet	CGATC	Rad3G
AA079_c_run03_tet	CGATC	Rad3H
AA081_f_run03_tet	TCGAT	Rad3A
AA081_j_run03_tet	TCGAT	Rad3B
AA083_a_run03_tet	TCGAT	Rad3C
AA083_b_run03_tet	TCGAT	Rad3D
AA084aj_run03_dip	TCGAT	Rad3E
AA084ar_run03_dip	TCGAT	Rad3F
AA096ac_run04_tet	AACCA	Rad4G
AA096ad_run04_tet	AACCA	Rad4H
AA096ae_run04_tet	CGATC	Rad4A
AA096ai_run04_tet	CGATC	Rad4B
AA097_b_run03_tet	TCGAT	Rad3G
AA097_j_run03_tet	TCGAT	Rad3H
AA101_e_run03_tet	TGCAT	Rad3A
AA101_q_run03_tet	TGCAT	Rad3B
AA105_b_run03_tet	TGCAT	Rad3C
AA105_c_run03_tet	TGCAT	Rad3D
AA117_e_run03_tet	TGCAT	Rad3E
AA117_j_run03_tet	TGCAT	Rad3F
AA142_a_run03_tet	TGCAT	Rad3G
AA145_a_run04_tet	CGATC	Rad4C
AA145_b_run04_tet	CGATC	Rad4D
AA145_c_run04_tet	CGATC	Rad4E
AA145_d_run04_tet	CGATC	Rad4F
AA145_e_run04_tet	CGATC	Rad4G
AA145_f_run04_tet	CGATC	Rad4H
AA145_k_run04_tet	TCGAT	Rad4A
AA145_q_run04_tet	TCGAT	Rad4B
AA147_a_run04_tet	TGCAT	Rad4D
AA147_b_run04_tet	TGCAT	Rad4E
AA147_c_run04_tet	TGCAT	Rad4F
AA150_f_run03_tet	TGCAT	Rad3H
AA150_h_run03_tet	CAACC	Rad3A
AA154_e_run03_tet	CAACC	Rad3B
AA154_i_run03_tet	CAACC	Rad3C
AA167_w_run04_tet	TCGAT	Rad4C
AA167_z_run04_tet	TCGAT	Rad4D
AA167ac_run04_tet	TCGAT	Rad4E
AA167ah_run04_tet	TCGAT	Rad4F
AA168_h_run03_tet	CAACC	Rad3D
AA168_t_run03_tet	CAACC	Rad3E
AA169_g_run03_tet	CAACC	Rad3F
AA169_l_run03_tet	CAACC	Rad3G
AA169_n_run03_tet	CAACC	Rad3H
AA171_l_run03_tet	GGTTG	Rad3A
AA171_n_run03_tet	GGTTG	Rad3B
AA181_a_run03_tet	GGTTG	Rad3C
AA181_e_run03_tet	GGTTG	Rad3D
AA187_a_run03_tet	GGTTG	Rad3E
AA187_g_run03_tet	GGTTG	Rad3F
AA188_f_run03_tet	GGTTG	Rad3G
AA188_h_run03_tet	GGTTG	Rad3H
AA206_a_run03_tet	AAGGA	Rad3A
AA206_b_run03_tet	AAGGA	Rad3B
AA207_d_run03_tet	AAGGA	Rad3C
AA207_h_run03_tet	AAGGA	Rad3D
AA216_d_run03_tet	AAGGA	Rad3E
AA216_f_run03_tet	AAGGA	Rad3F
AA229_i_run04_tet	TCGAT	Rad4G
AA229_j_run04_tet	TCGAT	Rad4H
AA229_n_run04_tet	TGCAT	Rad4A
AA229_o_run04_tet	TGCAT	Rad4B
AA231_b_run03_tet	AAGGA	Rad3G
AA231_d_run03_tet	AAGGA	Rad3H
AA233_g_run04_tet	GGTTG	Rad4F
AA252aa_run04_tet	TGCAT	Rad4C
AA252an_run04_tet	TGCAT	Rad4G
AA252ao_run04_tet	TGCAT	Rad4H
AA252aq_run04_tet	CAACC	Rad4A
AA252at_run04_tet	CAACC	Rad4B
AA255aa_run04_tet	CAACC	Rad4C
AA255ac_run04_tet	CAACC	Rad4D
AA255ad_run04_tet	CAACC	Rad4E
AA255af_run04_tet	CAACC	Rad4F
AA255ag_run04_tet	CAACC	Rad4G
AA255ai_run04_tet	CAACC	Rad4H
AA255aj_run04_tet	GGTTG	Rad4A
AA255am_run04_tet	GGTTG	Rad4B
AA258_g_run03_dip	ACTTC	Rad3A
AA258_i_run03_dip	ACTTC	Rad3B
AA262_e_run03_tet	ACTTC	Rad3C
AA262_r_run03_tet	ACTTC	Rad3D
AA265_a_run03_tet	ACTTC	Rad3E
AA265_f_run03_tet	ACTTC	Rad3F
AA268_b_run03_dip	ACTTC	Rad3G
AA268_p_run03_dip	ACTTC	Rad3H
AA270_a_run03_tet	ATGAG	Rad3A
AA270_k_run03_tet	ATGAG	Rad3B
AA272_a_run03_tet	ATGAG	Rad3C
AA272_g_run03_tet	ATGAG	Rad3D
AA281_b_run03_tet	ATGAG	Rad3E
AA281_h_run03_tet	ATGAG	Rad3F
AA287_c_run03_tet	ATGAG	Rad3G
AA287_d_run03_tet	ATGAG	Rad3H
AA288_e_run03_tet	CTTGG	Rad3A
AA288_i_run03_tet	CTTGG	Rad3B
AA289_a_run03_tet	CTTGG	Rad3C
AA289_g_run03_tet	CTTGG	Rad3D
AA292_d_run03_dip	CTTGG	Rad3E
AA292_f_run03_dip	CTTGG	Rad3F
AA295_a_run03_tet	CTTGG	Rad3G
AA295_b_run04_tet	GGTTG	Rad4C
AA295_c_run04_tet	GGTTG	Rad4D
AA295_e_run04_tet	GGTTG	Rad4E
AA295_f_run03_tet	CTTGG	Rad3H
AA295_i_run04_tet	GGTTG	Rad4G
AA295_m_run04_tet	GGTTG	Rad4H
AA296_d_run03_tet	GTAGT	Rad3A
AA296_f_run03_tet	GTAGT	Rad3B
AA299_a_run04_tet	AAGGA	Rad4A
AA299_b_run04_tet	AAGGA	Rad4B
AA299_d_run04_tet	AAGGA	Rad4C
AA299_f_run04_tet	AAGGA	Rad4D
AA299_g_run04_tet	AAGGA	Rad4E
AA299_i_run04_tet	AAGGA	Rad4F
AA299_j_run04_tet	AAGGA	Rad4G
AA299_m_run04_tet	AAGGA	Rad4H
AA302_a_run04_tet	ACTTC	Rad4A
AA302_b_run04_tet	ACTTC	Rad4B
AA302_c_run04_tet	ACTTC	Rad4C
AA302_d_run04_tet	ACTTC	Rad4D
AA302_l_run04_tet	ACTTC	Rad4E
AA302_m_run04_tet	ACTTC	Rad4F
AA302_n_run04_tet	ACTTC	Rad4G
AA302_o_run04_tet	ACTTC	Rad4H
AA313_c_run03_dip	GTAGT	Rad3C
AA313_g_run03_dip	GTAGT	Rad3D
AA318_b_run03_dip	GTAGT	Rad3E
AA318_e_run03_dip	GTAGT	Rad3F
AA320_d_run03_tet	GTAGT	Rad3G
AA320_f_run03_tet	GTAGT	Rad3H
AA321_f_run04_tet	ATGAG	Rad4A
AA321_g_run04_tet	ATGAG	Rad4B
AA321_h_run04_tet	ATGAG	Rad4C
AA321_k_run04_tet	ATGAG	Rad4D
AA330_d_run03_tet	TATAC	Rad3A
AA330_f_run03_tet	TATAC	Rad3B
AA330_g_run04_tet	ATGAG	Rad4E
AA330_k_run04_tet	ATGAG	Rad4F
AA330_l_run04_tet	ATGAG	Rad4G
AA330_m_run04_tet	ATGAG	Rad4H
AA330_p_run04_tet	CTTGG	Rad4A
AA330_q_run04_tet	CTTGG	Rad4B
AA332IVa_run03_dip	TATAC	Rad3C
AA332IVc_run03_dip	TATAC	Rad3D
AA335_b_run04_tet	CTTGG	Rad4C
AA335_c_run04_tet	CTTGG	Rad4D
AA335_g_run04_tet	CTTGG	Rad4E
AA335_i_run03_tet	TATAC	Rad3E
AA335_o_run04_tet	CTTGG	Rad4F
AA335_r_run03_tet	TATAC	Rad3F
AA335_s_run04_tet	CTTGG	Rad4G
AA335_t_run04_tet	CTTGG	Rad4H
AA345_a_run03_tet	TATAC	Rad3G
AA345_h_run03_tet	TATAC	Rad3H
AL004_29_run04_tet	GTAGT	Rad4A
AL005_16_run04_tet	GTAGT	Rad4B
AL008_72_run04_dip	GTAGT	Rad4C
AL022_71_run04_tet	GTAGT	Rad4D
AL023_71_run04_dip	GTAGT	Rad4E
AL026_28_run04_tet	GTAGT	Rad4F
AL028_27_run04_tet	GTAGT	Rad4G
AL029_19_run04_tet	GTAGT	Rad4H
AL031_18_run04_tet	TATAC	Rad4A
AL032_16_run04_tet	TATAC	Rad4B
AL033_17_run04_tet	TATAC	Rad4C
AL034_18_run04_tet	TATAC	Rad4D
AL038_25_run04_tet	TATAC	Rad4E
AL041_16_run04_tet	TATAC	Rad4F
AL044_19_run04_tet	TATAC	Rad4G
AL050_20_run04_tet	TATAC	Rad4H
AL056_15_run04_dip	TAGTA	Rad4A
AL057_18_run04_tet	TAGTA	Rad4B
AL058_11_run04_dip	TAGTA	Rad4C
AL060_25_run04_dip	TAGTA	Rad4D