AA001aa	GCATG	Rad3A
AA001ab	GCATG	Rad3B
AA002_c	GCATG	Rad3C
AA002_e	GCATG	Rad3D
AA005_c	GCATG	Rad3E
AA005_h	GCATG	Rad3F
AA008_c	GCATG	Rad3G
AA008_d	GCATG	Rad3H
AA010_g	AACCA	Rad3A
AA010_h	AACCA	Rad3B
AA019_d	AACCA	Rad3C
AA019_f	AACCA	Rad3D
AA024_e	AACCA	Rad3E
AA024_h	AACCA	Rad3F
AA045_c	AACCA	Rad3G
AA045_m	AACCA	Rad3H
AA058_o	CGATC	Rad3A
AA058_p	CGATC	Rad3B
AA063_a	CGATC	Rad3C
AA063_d	CGATC	Rad3D
AA065aa	CGATC	Rad3E
AA065ae	CGATC	Rad3F
AA079_a	CGATC	Rad3G
AA079_c	CGATC	Rad3H
AA081_f	TCGAT	Rad3A
AA081_j	TCGAT	Rad3B
AA083_a	TCGAT	Rad3C
AA083_b	TCGAT	Rad3D
AA084aj	TCGAT	Rad3E
AA084ar	TCGAT	Rad3F
AA097_b	TCGAT	Rad3G
AA097_j	TCGAT	Rad3H
AA101_e	TGCAT	Rad3A
AA101_q	TGCAT	Rad3B
AA105_b	TGCAT	Rad3C
AA105_c	TGCAT	Rad3D
AA117_e	TGCAT	Rad3E
AA117_j	TGCAT	Rad3F
AA142_a	TGCAT	Rad3G
AA150_f	TGCAT	Rad3H
AA150_h	CAACC	Rad3A
AA154_e	CAACC	Rad3B
AA154_i	CAACC	Rad3C
AA168_h	CAACC	Rad3D
AA168_t	CAACC	Rad3E
AA169_g	CAACC	Rad3F
AA169_l	CAACC	Rad3G
AA169_n	CAACC	Rad3H
AA171_l	GGTTG	Rad3A
AA171_n	GGTTG	Rad3B
AA181_a	GGTTG	Rad3C
AA181_e	GGTTG	Rad3D
AA187_a	GGTTG	Rad3E
AA187_g	GGTTG	Rad3F
AA188_f	GGTTG	Rad3G
AA188_h	GGTTG	Rad3H
AA206_a	AAGGA	Rad3A
AA206_b	AAGGA	Rad3B
AA207_d	AAGGA	Rad3C
AA207_h	AAGGA	Rad3D
AA216_d	AAGGA	Rad3E
AA216_f	AAGGA	Rad3F
AA231_b	AAGGA	Rad3G
AA231_d	AAGGA	Rad3H
AA258_g	ACTTC	Rad3A
AA258_i	ACTTC	Rad3B
AA262_e	ACTTC	Rad3C
AA262_r	ACTTC	Rad3D
AA265_a	ACTTC	Rad3E
AA265_f	ACTTC	Rad3F
AA268_b	ACTTC	Rad3G
AA268_p	ACTTC	Rad3H
AA270_a	ATGAG	Rad3A
AA270_k	ATGAG	Rad3B
AA272_a	ATGAG	Rad3C
AA272_g	ATGAG	Rad3D
AA281_b	ATGAG	Rad3E
AA281_h	ATGAG	Rad3F
AA287_c	ATGAG	Rad3G
AA287_d	ATGAG	Rad3H
AA288_e	CTTGG	Rad3A
AA288_i	CTTGG	Rad3B
AA289_a	CTTGG	Rad3C
AA289_g	CTTGG	Rad3D
AA292_d	CTTGG	Rad3E
AA292_f	CTTGG	Rad3F
AA295_a	CTTGG	Rad3G
AA295_f	CTTGG	Rad3H
AA296_d	GTAGT	Rad3A
AA296_f	GTAGT	Rad3B
AA313_c	GTAGT	Rad3C
AA313_g	GTAGT	Rad3D
AA318_b	GTAGT	Rad3E
AA318_e	GTAGT	Rad3F
AA320_d	GTAGT	Rad3G
AA320_f	GTAGT	Rad3H
AA330_d	TATAC	Rad3A
AA330_f	TATAC	Rad3B
AA332IVa	TATAC	Rad3C
AA332IVc	TATAC	Rad3D
AA335_i	TATAC	Rad3E
AA335_r	TATAC	Rad3F
AA345_a	TATAC	Rad3G
AA345_h	TATAC	Rad3H
AA065ac	GCATG	Rad4A
AA065af	GCATG	Rad4B
AA065aj	GCATG	Rad4C
AA065aq	GCATG	Rad4D
AA065ar	GCATG	Rad4E
AA065at	GCATG	Rad4F
AA075ab	GCATG	Rad4G
AA075ag	GCATG	Rad4H
AA075aj	AACCA	Rad4A
AA075ao	AACCA	Rad4B
AA075aq	AACCA	Rad4C
AA075ar	AACCA	Rad4D
AA075as	AACCA	Rad4E
AA075au	AACCA	Rad4F
AA096ac	AACCA	Rad4G
AA096ad	AACCA	Rad4H
AA096ae	CGATC	Rad4A
AA096ai	CGATC	Rad4B
AA145_a	CGATC	Rad4C
AA145_b	CGATC	Rad4D
AA145_c	CGATC	Rad4E
AA145_d	CGATC	Rad4F
AA145_e	CGATC	Rad4G
AA145_f	CGATC	Rad4H
AA145_k	TCGAT	Rad4A
AA145_q	TCGAT	Rad4B
AA167_w	TCGAT	Rad4C
AA167_z	TCGAT	Rad4D
AA167ac	TCGAT	Rad4E
AA167ah	TCGAT	Rad4F
AA229_i	TCGAT	Rad4G
AA229_j	TCGAT	Rad4H
AA229_n	TGCAT	Rad4A
AA229_o	TGCAT	Rad4B
AA252aa	TGCAT	Rad4C
AA147_a	TGCAT	Rad4D
AA147_b	TGCAT	Rad4E
AA147_c	TGCAT	Rad4F
AA252an	TGCAT	Rad4G
AA252ao	TGCAT	Rad4H
AA252aq	CAACC	Rad4A
AA252at	CAACC	Rad4B
AA255aa	CAACC	Rad4C
AA255ac	CAACC	Rad4D
AA255ad	CAACC	Rad4E
AA255af	CAACC	Rad4F
AA255ag	CAACC	Rad4G
AA255ai	CAACC	Rad4H
AA255aj	GGTTG	Rad4A
AA255am	GGTTG	Rad4B
AA295_b	GGTTG	Rad4C
AA295_c	GGTTG	Rad4D
AA295_e	GGTTG	Rad4E
AA233_g	GGTTG	Rad4F
AA295_i	GGTTG	Rad4G
AA295_m	GGTTG	Rad4H
AA299_a	AAGGA	Rad4A
AA299_b	AAGGA	Rad4B
AA299_d	AAGGA	Rad4C
AA299_f	AAGGA	Rad4D
AA299_g	AAGGA	Rad4E
AA299_i	AAGGA	Rad4F
AA299_j	AAGGA	Rad4G
AA299_m	AAGGA	Rad4H
AA302_a	ACTTC	Rad4A
AA302_b	ACTTC	Rad4B
AA302_c	ACTTC	Rad4C
AA302_d	ACTTC	Rad4D
AA302_l	ACTTC	Rad4E
AA302_m	ACTTC	Rad4F
AA302_n	ACTTC	Rad4G
AA302_o	ACTTC	Rad4H
AA321_f	ATGAG	Rad4A
AA321_g	ATGAG	Rad4B
AA321_h	ATGAG	Rad4C
AA321_k	ATGAG	Rad4D
AA330_g	ATGAG	Rad4E
AA330_k	ATGAG	Rad4F
AA330_l	ATGAG	Rad4G
AA330_m	ATGAG	Rad4H
AA330_p	CTTGG	Rad4A
AA330_q	CTTGG	Rad4B
AA335_b	CTTGG	Rad4C
AA335_c	CTTGG	Rad4D
AA335_g	CTTGG	Rad4E
AA335_o	CTTGG	Rad4F
AA335_s	CTTGG	Rad4G
AA335_t	CTTGG	Rad4H
AL004_29	GTAGT	Rad4A
AL005_16	GTAGT	Rad4B
AL008_Y2	GTAGT	Rad4C
AL022_F	GTAGT	Rad4D
AL023_K	GTAGT	Rad4E
AL026_28	GTAGT	Rad4F
AL028_27	GTAGT	Rad4G
AL029_19	GTAGT	Rad4H
AL031_18	TATAC	Rad4A
AL032_16	TATAC	Rad4B
AL033_17	TATAC	Rad4C
AL034_18	TATAC	Rad4D
AL038_25	TATAC	Rad4E
AL041_16	TATAC	Rad4F
AL044_19	TATAC	Rad4G
AL050_20	TATAC	Rad4H
AL056_15	TAGTA	Rad4A
AL057_18	TAGTA	Rad4B
AL058_11	TAGTA	Rad4C
AL060_25	TAGTA	Rad4D