AL102a_run12_dip	GCATG	Rad12A
AL102b_run12_dip	GCATG	Rad12B
AL56a1_run12_dip	GCATG	Rad12C
AL56a2_run12_dip	GCATG	Rad12D
AL56_b_run12_dip	GCATG	Rad12E
AA299ba_run12_tet	GCATG	Rad12F
AA225au_run12_dip	GCATG	Rad12G
AA225aw_run12_dip	GCATG	Rad12H
AA225bf_run12_tet	AACCA	Rad12A
AA225ai_run12_tet	AACCA	Rad12B
AA250da_run12_tet	AACCA	Rad12C
AA250df_run12_tet	AACCA	Rad12D
AA250dm_run12_dip	AACCA	Rad12E
AA250dc_run12_dip	AACCA	Rad12F
AA265_b_run12_tet	AACCA	Rad12G
AA265_e_run12_tet	AACCA	Rad12H
AA329af_run12_dip	CGATC	Rad12C
AA329aj_run12_dip	CGATC	Rad12D
AA343_a_run12_dip	CGATC	Rad12E
AA343_f_run12_dip	CGATC	Rad12F
AA379aa_run12_dip	CGATC	Rad12G
AA379aj_run12_dip	CGATC	Rad12H
AA372bj_run12_dip	TCGAT	Rad12A
AA372bo_run12_dip	TCGAT	Rad12B
AA372br_run12_tet	TCGAT	Rad12C
AA372bs_run12_tet	TCGAT	Rad12D
AA390ad_run12_tet	TCGAT	Rad12E
AA390aj_run12_tet	TCGAT	Rad12F
AA142ao_run12_tet	TCGAT	Rad12G
AA142av_run12_tet	TCGAT	Rad12H
AA072_b_run12_tet	TGCAT	Rad12A
AA080an_run12_dip	TGCAT	Rad12B
AA144_q_run12_tet	TGCAT	Rad12C
AA146_f_run12_tet	TGCAT	Rad12D
AA147ar_run12_tet	TGCAT	Rad12E
AA147ax_run12_tet	TGCAT	Rad12F
AA180_k_run12_tet	TGCAT	Rad12G
AA180_t_run12_tet	TGCAT	Rad12H
AA181_a_run12_tet	CAACC	Rad12A
AA181_m_run12_tet	CAACC	Rad12B
AA187_c_run12_tet	CAACC	Rad12C
AA187_j_run12_tet	CAACC	Rad12D
AA188_x_run12_tet	CAACC	Rad12E
AA188ad_run12_tet	CAACC	Rad12F
AA189_i_run12_tet	CAACC	Rad12G
AA189_n_run12_tet	CAACC	Rad12H
AA191_a_run12_tet	GGTTG	Rad12A
AA191_f_run12_tet	GGTTG	Rad12B
AA192_k_run12_tet	GGTTG	Rad12C
AA192_h_run12_tet	GGTTG	Rad12D
AA195_a_run12_tet	GGTTG	Rad12E
AA195_e_run12_tet	GGTTG	Rad12F
AA200ab_run12_dip	GGTTG	Rad12G
AA200ay_run12_dip	GGTTG	Rad12H
AA205_a_run12_tet	AAGGA	Rad12A
AA205_d_run12_tet	AAGGA	Rad12B
AA206_b_run12_tet	AAGGA	Rad12E
AA206_r_run12_tet	AAGGA	Rad12F
AA207_d_run12_tet	AAGGA	Rad12G
AA207_q_run12_tet	AAGGA	Rad12H
AA215_d_run12_tet	ATGAG	Rad12A
AA215_k_run12_tet	ATGAG	Rad12B
AA221_b_run12_dip	ATGAG	Rad12C
AA221_f_run12_dip	ATGAG	Rad12D
AA231ak_run12_tet	ATGAG	Rad12E
AA231ay_run12_tet	ATGAG	Rad12F
AA246_b_run12_tet	ATGAG	Rad12G
AA246_d_run12_tet	ATGAG	Rad12H
AA258av_run12_dip	CTTGG	Rad12A
AA258aac_run12_dip	CTTGG	Rad12B
AA261al_run12_tet	CTTGG	Rad12C
AA261at_run12_tet	CTTGG	Rad12D
AA268aa_run12_dip	CTTGG	Rad12E
AA268an_run12_dip	CTTGG	Rad12F
AA270_c_run12_tet	CTTGG	Rad12G
AA270_l_run12_tet	CTTGG	Rad12H
AA272_e_run12_tet	GTAGT	Rad12A
AA272_i_run12_tet	GTAGT	Rad12B
AA281_a_run12_tet	GTAGT	Rad12C
AA281_g_run12_tet	GTAGT	Rad12D
AA282_a_run12_tet	GTAGT	Rad12G
AA282_f_run12_tet	GTAGT	Rad12H
AA283_c_run12_tet	TATAC	Rad12A
AA283_e_run12_tet	TATAC	Rad12B
AA287_c_run12_tet	TATAC	Rad12C
AA287_e_run12_tet	TATAC	Rad12D
AA292_b_run12_dip	TATAC	Rad12E
AA292_f_run12_dip	TATAC	Rad12F