AA030_d_run13_tet	GCATG	Rad13A
AA030_h_run13_tet	GCATG	Rad13B
AA102_b_run13_tet	GCATG	Rad13C
AA102_c_run13_tet	GCATG	Rad13D
AA190_m_run13_tet	GCATG	Rad13E
AA190_p_run13_tet	GCATG	Rad13F
AA267_p_run13_tet	GCATG	Rad13G
AA274_b_run13_tet	GCATG	Rad13H
AA274_c_run13_tet	AACCA	Rad13A
AA274_d_run13_tet	AACCA	Rad13B
AA274_m_run13_tet	AACCA	Rad13C
AA277ab_run13_tet	AACCA	Rad13D
AA277am_run13_tet	AACCA	Rad13E
AA278aa_run13_tet	AACCA	Rad13F
AA278ab_run13_tet	AACCA	Rad13G
AA285_d_run13_tet	AACCA	Rad13H
AA285_h_run13_tet	CGATC	Rad13C
AA288_d_run13_tet	CGATC	Rad13D
AA288_k_run13_tet	CGATC	Rad13E
AA299be_run13_tet	CGATC	Rad13F
AA313_c_run13_dip	CGATC	Rad13G
AA313_g_run13_dip	CGATC	Rad13H
AA315_a_run13_tet	TCGAT	Rad13A
AA315_c_run13_tet	TCGAT	Rad13B
AA317ad_run13_dip	TCGAT	Rad13C
AA317af_run13_dip	TCGAT	Rad13D
AA320_d_run13_tet	TCGAT	Rad13E
AA320_f_run13_tet	TCGAT	Rad13F
AA321_f_run13_tet	TCGAT	Rad13G
AA321_k_run13_tet	TCGAT	Rad13H
AA324_b_run13_tet	TGCAT	Rad13A
AA324_g_run13_tet	TGCAT	Rad13B
AA326_l_run13_tet	TGCAT	Rad13C
AA326_t_run13_tet	TGCAT	Rad13D
AA335_c_run13_tet	TGCAT	Rad13E
AA335_i_run13_tet	TGCAT	Rad13F
AA341_d_run13_tet	TGCAT	Rad13G
AA341_i_run13_tet	TGCAT	Rad13H
AA345_a_run13_tet	CAACC	Rad13A
AA345_d_run13_tet	CAACC	Rad13B
AA357_l_run13_tet	CAACC	Rad13C
AA357_n_run13_tet	CAACC	Rad13D
AA362_a_run13_tet	CAACC	Rad13E
AA362_k_run13_tet	CAACC	Rad13F
AA363af_run13_tet	CAACC	Rad13G
AA363ak_run13_tet	CAACC	Rad13H
AA366_a_run13_tet	GGTTG	Rad13A
AA366_c_run13_dip	GGTTG	Rad13B
AA366_d_run13_dip	GGTTG	Rad13C
AA366_f_run13_tet	GGTTG	Rad13D
AA370_c_run13_tet	GGTTG	Rad13E
AA370_h_run13_tet	GGTTG	Rad13F
AA383aj_run13_tet	GGTTG	Rad13G
AA383ap_run13_tet	GGTTG	Rad13H
AA394_j_run13_dip	AAGGA	Rad13A
AA394_o_run13_dip	AAGGA	Rad13B
AA395_a_run13_dip	AAGGA	Rad13E
AA395_c_run13_dip	AAGGA	Rad13F
AA408cn_run13_dip	AAGGA	Rad13G
AA408ch_run13_dip	AAGGA	Rad13H
AA414_d_run13_tet	ATGAG	Rad13A
AA414_k_run13_tet	ATGAG	Rad13B
AA419_d_run13_tet	ATGAG	Rad13C
AA419_e_run13_tet	ATGAG	Rad13D
AA435_g_run13_tet	ATGAG	Rad13E
AA435_h_run13_tet	ATGAG	Rad13F
AA438_a_run13_tet	ATGAG	Rad13G
AA438_b_run13_tet	ATGAG	Rad13H
AA440_c_run13_tet	CTTGG	Rad13A
AA440_e_run13_tet	CTTGG	Rad13B
AA447_c_run13_tet	CTTGG	Rad13C
AA447_g_run13_tet	CTTGG	Rad13D
AA449_c_run13_tet	CTTGG	Rad13E
AA449_d_run13_tet	CTTGG	Rad13F
AA452_d_run13_tet	CTTGG	Rad13G
AA452_j_run13_tet	CTTGG	Rad13H
AA453_b_run13_tet	GTAGT	Rad13A
AA453_d_run13_tet	GTAGT	Rad13B
AA458_c_run13_dip	GTAGT	Rad13C
AA458_g_run13_dip	GTAGT	Rad13D
AA461_b_run13_dip	GTAGT	Rad13G
AA461_c_run13_dip	GTAGT	Rad13H
AA463_b_run13_tet	TATAC	Rad13A
AA463_f_run13_tet	TATAC	Rad13B
AA464_b_run13_tet	TATAC	Rad13C
AA464_i_run13_tet	TATAC	Rad13D
AA472_e_run13_tet	TATAC	Rad13E
AA472_o_run13_tet	TATAC	Rad13F
