AL08_Y2	GCATG	Rad5A
AL08_Y3	GCATG	Rad5B
AL08_Y7	GCATG	Rad5C
AL26_29	GCATG	Rad5D
AL26_30	GCATG	Rad5E
AL26_33	GCATG	Rad5F
AL27_20	GCATG	Rad5G
AL27_23	GCATG	Rad5H
AL28_24	AACCA	Rad5A
AL28_26	AACCA	Rad5B
AL29_23	AACCA	Rad5C
AL30_17	AACCA	Rad5D
AL30_28	AACCA	Rad5E
AL30_X3	AACCA	Rad5F
AL32_26	AACCA	Rad5G
AL33_16	AACCA	Rad5H
AL34_22	CGATC	Rad5A
AL34_23	CGATC	Rad5B
AL34_24	CGATC	Rad5C
AL34_25	CGATC	Rad5D
AL35_20	CGATC	Rad5E
AL37_22	CGATC	Rad5F
AL38_21	CGATC	Rad5G
AL38_23	CGATC	Rad5H
AL38_X2	TCGAT	Rad5A
AL39_12	TCGAT	Rad5B
AL39_16	TCGAT	Rad5C
AL39_18	TCGAT	Rad5D
AL40_14	TCGAT	Rad5E
AL40_15	TCGAT	Rad5F
AL40_17	TCGAT	Rad5G
AL40_19	TCGAT	Rad5H
AL41_17	TGCAT	Rad5A
AL41_19	TGCAT	Rad5B
AL42_13	TGCAT	Rad5C
AL42_14	TGCAT	Rad5D
AL42_15	TGCAT	Rad5E
AL43_17	TGCAT	Rad5F
AL43_18	TGCAT	Rad5G
AL44_14	TGCAT	Rad5H
AL44_19	CAACC	Rad5A
AL44_20	CAACC	Rad5B
AL45_18	CAACC	Rad5C
AL46_13	CAACC	Rad5D
AL46_14	CAACC	Rad5E
AL46_18	CAACC	Rad5F
AL47_18	CAACC	Rad5G
AL47_19	CAACC	Rad5H
AL48_14	GGTTG	Rad5A
AL48_16	GGTTG	Rad5B
AL49_17	GGTTG	Rad5C
AL49_18	GGTTG	Rad5D
AL50_14	GGTTG	Rad5E
AL50_18	GGTTG	Rad5F
AL51_16	GGTTG	Rad5G
AL51_17	GGTTG	Rad5H
AL52_12	AAGGA	Rad5A
AL53_11	AAGGA	Rad5B
AL53_15	AAGGA	Rad5C
AL54_17	AAGGA	Rad5D
AL54_25	AAGGA	Rad5E
AL54_26	AAGGA	Rad5F
AL54_27	AAGGA	Rad5G
AL55_18	AAGGA	Rad5H
AL55_19	ATGAG	Rad5A
AL56_13	ATGAG	Rad5B
AL56_18	ATGAG	Rad5C
AL56_19	ATGAG	Rad5D
AL57_12	ATGAG	Rad5E
AL58_11	ATGAG	Rad5F
AL58_16	ATGAG	Rad5G
AL58_17	ATGAG	Rad5H
AL59_19	CTTGG	Rad5A
AL59_21	CTTGG	Rad5B
AL59_22	CTTGG	Rad5C
AL59_24	CTTGG	Rad5D
AL60_20	CTTGG	Rad5E
AL60_23	CTTGG	Rad5F
AL60_24	CTTGG	Rad5G
AL61_22	CTTGG	Rad5H
AL61_24	GTAGT	Rad5A
AL62_11	GTAGT	Rad5B
AL62_12	GTAGT	Rad5C
AL62_14	GTAGT	Rad5D
AL62_19	GTAGT	Rad5E
AL64_20	GTAGT	Rad5F
AL64_21	GTAGT	Rad5G
AL64_22	GTAGT	Rad5H
AL64_23	TATAC	Rad5A
AL64_24	TATAC	Rad5B
AL64_25	TATAC	Rad5C
AL65_12	TATAC	Rad5D
AL65_13	TATAC	Rad5E
AL65_14	TATAC	Rad5F
AL65_15	TATAC	Rad5G
AL65_16	TATAC	Rad5H