AA021al	GCATG	Rad8A
AA021ao	GCATG	Rad8B
AA021aq	GCATG	Rad8C
AA042ae	GCATG	Rad8D
AA042ai	GCATG	Rad8E
AA042ar	GCATG	Rad8F
AA145_a	GCATG	Rad8G
AA145_g	GCATG	Rad8H
AA145_j	AACCA	Rad8A
AA169_d	AACCA	Rad8B
AA169_f	AACCA	Rad8C
AA169_k	AACCA	Rad8D
AA172_h	AACCA	Rad8E
AA172_m	AACCA	Rad8F
AA172_s	AACCA	Rad8G
AA173ak	AACCA	Rad8H
AA303_g	CGATC	Rad8A
AA304ah	CGATC	Rad8B
AA303_p	CGATC	Rad8C
AA173ar	TCGAT	Rad8A
AA173ao	TCGAT	Rad8B
AA176_b	TCGAT	Rad8C
AA176_h	TCGAT	Rad8D
AA176_t	TCGAT	Rad8E
AA182_s	TCGAT	Rad8F
AA182_y	TCGAT	Rad8G
AA182ag	TCGAT	Rad8H
AA184_t	TGCAT	Rad8A
AA184af	TGCAT	Rad8B
AA184ah	TGCAT	Rad8C
AA226_g	TGCAT	Rad8D
AA226_l	TGCAT	Rad8E
AA226_m	TGCAT	Rad8F
AA228_f	TGCAT	Rad8G
AA228_i	TGCAT	Rad8H
AA228_q	CAACC	Rad8A
AA242_c	CAACC	Rad8B
AA242_m	CAACC	Rad8C
AA242_q	CAACC	Rad8D
AA244_a	CAACC	Rad8E
AA244_b	CAACC	Rad8F
AA244_h	CAACC	Rad8G
AA251ae	CAACC	Rad8H
AA251ah	GGTTG	Rad8A
AA251ad	GGTTG	Rad8B
AA252_j	GGTTG	Rad8C
AA252_e	GGTTG	Rad8D
AA252_i	GGTTG	Rad8E
AA293_a	GGTTG	Rad8F
AA293_d	GGTTG	Rad8G
AA293_f	GGTTG	Rad8H
AA304ak	AAGGA	Rad8D
AA304at	AAGGA	Rad8E
AA322_d	AAGGA	Rad8F
AA294_b	ATGAG	Rad8A
AA294_f	ATGAG	Rad8B
AA294_o	ATGAG	Rad8C
AA295_d	ATGAG	Rad8D
AA295_j	ATGAG	Rad8E
AA295_k	ATGAG	Rad8F
AA296_a	ATGAG	Rad8G
AA296_c	ATGAG	Rad8H
AA296_i	CTTGG	Rad8A
AA301_c	CTTGG	Rad8B
AA301_d	CTTGG	Rad8C
AA301_f	CTTGG	Rad8D
AA302_f	CTTGG	Rad8E
AA302_h	CTTGG	Rad8F
AA302_t	CTTGG	Rad8G
AA303_a	CTTGG	Rad8H
AA335_a	GTAGT	Rad8A
AA322_j	GTAGT	Rad8G
AA322_c	GTAGT	Rad8H
AA335_d	TATAC	Rad8D
AA335_k	TATAC	Rad8E